-- User Table Insertions
INSERT INTO public."user" (id, email, password, oauth, access_token, refresh_token, profilepic, role) VALUES ('e707bb0a-97d9-4f09-804f-c6deed4c62ba', 'janedoe@example.com', 'securepass456', NULL, NULL, NULL, 'https://example.com/profilepic/janedoe.jpg', 'ADMIN') ON CONFLICT DO NOTHING;
INSERT INTO public."user" (id, email, password, oauth, access_token, refresh_token, profilepic, role) VALUES ('1589e937-9da4-4f76-a01c-0e8ae73499a3', 'mike@example.com', 'mypassword789', NULL, 'access_token_456', 'refresh_token_456', NULL, 'USER') ON CONFLICT DO NOTHING;
INSERT INTO public."user" (id, email, password, oauth, access_token, refresh_token, profilepic, role) VALUES ('7ec1cf92-b5b9-4416-8813-d28b2773b026', 'sarah@example.com', 'passw0rd!', 'facebook', 'access_token_789', 'refresh_token_789', '', 'USER') ON CONFLICT DO NOTHING;
INSERT INTO public."user" (id, email, password, oauth, access_token, refresh_token, profilepic, role) VALUES ('4b45e768-680a-4adc-a4a7-7c79c36fbcf8', 'johndoe@example.com', 'password123', 'google', 'access_token_123', 'refresh_token_123', 'https://example.com/profilepic/johndoe.jpg', 'USER') ON CONFLICT DO NOTHING;
INSERT INTO public."user" (id, email, password, oauth, access_token, refresh_token, profilepic, role) VALUES ('3eb2faff-d8fa-4ba0-9f70-710b3278af0a', 'janedoe@example.com', 'securepass456', NULL, NULL, NULL, 'https://example.com/profilepic/janedoe.jpg', 'ADMIN') ON CONFLICT DO NOTHING;
INSERT INTO public."user" (id, email, password, oauth, access_token, refresh_token, profilepic, role) VALUES ('12fdc23b-e50a-4468-930a-6bc1b9dd6f24', 'mike@example.com', 'mypassword789', NULL, 'access_token_456', 'refresh_token_456', NULL, 'USER') ON CONFLICT DO NOTHING;
INSERT INTO public."user" (id, email, password, oauth, access_token, refresh_token, profilepic, role) VALUES ('4c792766-678a-4fda-a5bd-b8f03c8cf638', 'sarah@example.com', 'passw0rd!', 'facebook', 'access_token_789', 'refresh_token_789', '', 'USER') ON CONFLICT DO NOTHING;
INSERT INTO public."user" (id, email, password, oauth, access_token, refresh_token, profilepic, role) VALUES ('7e4c1975-3446-49d7-9968-8eaee30ef733', 'sarah@example.com', 'passw0rd!', 'facebook', 'access_token_789', 'refresh_token_789', '', 'USER') ON CONFLICT DO NOTHING;
INSERT INTO public."user" (id, email, password, oauth, access_token, refresh_token, profilepic, role) VALUES ('ca35ef8a-7da1-437f-bd4b-fad8bc7a22dc', 'user3@gmaill.com', '$2a$10$riD07vDIFBMnQUnfqROK6.UA2q8g9qxEHmtwXQ8d2qYWENrcko3fu', NULL, NULL, NULL, NULL, 'participant') ON CONFLICT DO NOTHING;
INSERT INTO public."user" (id, email, password, oauth, access_token, refresh_token, profilepic, role) VALUES ('e20ada87-ad5e-4c89-89f3-3e801034f8a7', 'sampleuser@gmail.com', '$2a$10$HREvJMfa201I0w4baRFY/.eqWrcQOwCgyjX82eP6NkMN/G3wc3ksm', NULL, NULL, NULL, NULL, 'participant') ON CONFLICT DO NOTHING;
INSERT INTO public."user" (id, email, password, oauth, access_token, refresh_token, profilepic, role) VALUES ('0c7dd329-3142-4376-9191-f8657375ad26', 'user1@gmaill.com', '$2a$10$kjvMZepwmR1y7251xaCG0O0xTFjZ1TcjQcelC56wdkSN9mrK10z7e', NULL, NULL, NULL, 'participant', NULL) ON CONFLICT DO NOTHING;
INSERT INTO public."user" (id, email, password, oauth, access_token, refresh_token, profilepic, role) VALUES ('5704e658-b836-492e-b47c-2fe8259ffcdb', 'user2@gmaill.com', '$2a$10$EmftYS8aHtHVg689X62ADeSpnFst167r7X.R/Doq/mS5GTae80YIu', 'organizer', NULL, NULL, NULL, NULL) ON CONFLICT DO NOTHING;
INSERT INTO public."user" (id, email, password, oauth, access_token, refresh_token, profilepic, role) VALUES ('27c77a66-7c7e-424b-a5c8-be32e2e328e3', 'testuser', '$2a$10$wp8XHjcgzFc6.9jqoM14P.TTuYthgUTFNKczvshAFLvTdVGZvbxl.', NULL, NULL, NULL, NULL, 'participant') ON CONFLICT DO NOTHING;
INSERT INTO public."user" (id, email, password, oauth, access_token, refresh_token, profilepic, role) VALUES ('184e28d2-c17d-46ea-b04b-777e9d257de6', 'newuser@gmail.com', '$2a$10$vx0xgyKON2HagkVSmYxqLOKrICZvnmkdKgaRXf2On2lcQaLDwvzJW', NULL, NULL, NULL, NULL, 'participant') ON CONFLICT DO NOTHING;
INSERT INTO public."user" (id, email, password, oauth, access_token, refresh_token, profilepic, role) VALUES ('4654d829-2ca9-4a32-ac19-23c2748c3540', 'hamza@gmail.com', '$2a$10$UxiCbZW2jacuEkMl/Vkah.E/.gkyv5pi3U7RlhpZVPhLsVfn8SsDO', NULL, NULL, NULL, NULL, 'participant') ON CONFLICT DO NOTHING;
INSERT INTO public."user" (id, email, password, oauth, access_token, refresh_token, profilepic, role) VALUES ('09ed4d9d-d90c-43d7-bdae-1cf43366b22f', 'bilal@gmail.com', '$2a$10$TTCd5J0TGhPZ5Ea9oGVb7uav26uA4c3702eMcoLwvruiKWp9hkkh.', NULL, NULL, NULL, NULL, 'participant') ON CONFLICT DO NOTHING;

-- Activities table insertion

INSERT INTO public."Activities" (id, name, type) VALUES ('96340796-0373-47b2-84ad-01792c6c4160', 'Random Event', 'event') ON CONFLICT DO NOTHING;
INSERT INTO public."Activities" (id, name, type) VALUES ('b1b03d8e-9d95-4238-abb8-78ae0296c287', 'Random Competition', 'competition') ON CONFLICT DO NOTHING;
INSERT INTO public."Activities" (id, name, type) VALUES ('b1436056-cb5b-473f-ae25-2b11df84691d', 'Job Fair', 'event') ON CONFLICT DO NOTHING;
INSERT INTO public."Activities" (id, name, type) VALUES ('bc5c779e-4c67-4c25-aec8-b5164d77b998', 'Panel Discussion', 'event') ON CONFLICT DO NOTHING;
INSERT INTO public."Activities" (id, name, type) VALUES ('de2e9d89-7eb5-4194-94d0-42a69174aba1', 'Speed Programming', 'event') ON CONFLICT DO NOTHING;
INSERT INTO public."Activities" (id, name, type) VALUES ('442ebdb3-f0b7-414e-af56-171c72ff208f', 'Coders Cup', 'competition') ON CONFLICT DO NOTHING;

-- Competition table insertions
INSERT INTO public.competition (id, name, society_id, description, about, logo, cover, date, "time", rule_book, activity_id) VALUES ('e8cb050d-4c5e-48cf-8d6c-44c27cebf33c', 'Speed Programming', '7ce4fee9-439f-4d1d-9612-82dffe33987d', 'Description', 'About', NULL, NULL, '2023-02-19', '10:00:00', NULL, 'de2e9d89-7eb5-4194-94d0-42a69174aba1') ON CONFLICT DO NOTHING;
INSERT INTO public.competition (id, name, society_id, description, about, logo, cover, date, "time", rule_book, activity_id) VALUES ('ff875a21-8f51-4914-aa23-12810284d383', 'Coders Cup', '20156ae8-4724-49a7-a512-2ddd6edd1533', 'Coders cup is the competition of racing against time while solving coding problems.', 'Coders Cup is the competitive programming competition where students from all the batches compete in solving algorithmic problems and racing against time in the mean time.', NULL, NULL, '2023-02-19', '10:00:00', NULL, '442ebdb3-f0b7-414e-af56-171c72ff208f') ON CONFLICT DO NOTHING;

-- event table insertion
INSERT INTO public.event (id, name, society_id, description, about, logo, cover, date, "time", activity_id) VALUES ('a293ba84-9b32-484e-b9b3-015abd1eda85', 'Job Fair', '7ce4fee9-439f-4d1d-9612-82dffe33987d', 'Description', 'About', 'https://cdn.statically.io/gh/bilalsohailmirza/participant-portal-frontend/bilal/assets/images/covers/job-fair.jpg', 'https://cdn.statically.io/gh/bilalsohailmirza/participant-portal-frontend/bilal/assets/images/covers/job-fair.jpg', '2023-02-19', '08:15:23', 'b1436056-cb5b-473f-ae25-2b11df84691d') ON CONFLICT DO NOTHING;
INSERT INTO public.event (id, name, society_id, description, about, logo, cover, date, "time", activity_id) VALUES ('6af5d83f-b9a8-47ab-9d54-6d487cf04595', 'Panel Discussion', '7ce4fee9-439f-4d1d-9612-82dffe33987d', 'Description', 'About', 'https://cdn.statically.io/gh/bilalsohailmirza/participant-portal-frontend/bilal/assets/images/covers/panel-discussion.jpg', 'https://cdn.statically.io/gh/bilalsohailmirza/participant-portal-frontend/bilal/assets/images/covers/panel-discussion.jpg', '2023-02-19', '11:00:00', 'bc5c779e-4c67-4c25-aec8-b5164d77b998') ON CONFLICT DO NOTHING;


-- /participant table insertions
INSERT INTO public.participant (id, user_id, full_name, email, phone, student, organization) VALUES ('a8447b92-8a56-4a0c-95e7-8e2773b2875e', '0c7dd329-3142-4376-9191-f8657375ad26', 'John Doe', 'johndoe@example.com', '12345678901', true, 'Example Organization') ON CONFLICT DO NOTHING;
INSERT INTO public.participant (id, user_id, full_name, email, phone, student, organization) VALUES ('b989853f-5981-4df8-b470-c156dc1af8c1', '27c77a66-7c7e-424b-a5c8-be32e2e328e3', 'Test User', 'testuser', '03331234567', true, 'sample org') ON CONFLICT DO NOTHING;
INSERT INTO public.participant (id, user_id, full_name, email, phone, student, organization) VALUES ('d37bd746-82ae-48c3-8617-5bd04244d520', '27c77a66-7c7e-424b-a5c8-be32e2e328e3', 'Test User', 'testuser', '03331234567', true, 'sample org') ON CONFLICT DO NOTHING;
INSERT INTO public.participant (id, user_id, full_name, email, phone, student, organization) VALUES ('1268ae48-0e18-4af1-a54e-5837ac7731eb', '27c77a66-7c7e-424b-a5c8-be32e2e328e3', 'Test User', 'testuser', '03331234567', true, 'sample org') ON CONFLICT DO NOTHING;
INSERT INTO public.participant (id, user_id, full_name, email, phone, student, organization) VALUES ('d412a123-65d1-4e1c-9a15-c69321d932ef', '27c77a66-7c7e-424b-a5c8-be32e2e328e3', 'test', 'testuser', 'hdshdsh', false, 'sagsag') ON CONFLICT DO NOTHING;
INSERT INTO public.participant (id, user_id, full_name, email, phone, student, organization) VALUES ('4005b95b-bf94-4832-bf0b-bb5c862df5de', '27c77a66-7c7e-424b-a5c8-be32e2e328e3', 'Test User', 'testuser', '54264365365', false, 'test organization') ON CONFLICT DO NOTHING;
INSERT INTO public.participant (id, user_id, full_name, email, phone, student, organization) VALUES ('4e0c8e8a-fb87-49cc-824c-9c67ecb298b4', '184e28d2-c17d-46ea-b04b-777e9d257de6', 'New User', 'newuser@gmail.com', '8963986532497652', false, 'new org') ON CONFLICT DO NOTHING;
INSERT INTO public.participant (id, user_id, full_name, email, phone, student, organization) VALUES ('422c2aba-cc50-442f-b7c3-97e15b7669de', '184e28d2-c17d-46ea-b04b-777e9d257de6', 'New User', 'newuser@gmail.com', '9834756325', false, 'new org') ON CONFLICT DO NOTHING;
INSERT INTO public.participant (id, user_id, full_name, email, phone, student, organization) VALUES ('d7744bd9-eb98-45d7-9397-d1fb997aa733', '184e28d2-c17d-46ea-b04b-777e9d257de6', 'New User', 'newuser@gmail.com', '08475084327', false, 'New org') ON CONFLICT DO NOTHING;
INSERT INTO public.participant (id, user_id, full_name, email, phone, student, organization) VALUES ('2f92cebf-f3f3-4e18-81fd-145128b4b4d5', '4654d829-2ca9-4a32-ac19-23c2748c3540', 'Hamza Iqbal', 'hamza@gmail.com', '03313456789', false, 'Nuces') ON CONFLICT DO NOTHING;
INSERT INTO public.participant (id, user_id, full_name, email, phone, student, organization) VALUES ('f39c58c9-194f-47c2-aeb6-81d590ef20fa', '09ed4d9d-d90c-43d7-bdae-1cf43366b22f', 'Bilal Sohail', 'bilal@gmail.com', '03211234567', false, 'NUCES') ON CONFLICT DO NOTHING;

-- participant activities insertion

INSERT INTO public."participant_Activities" (participant_id, activity_id) VALUES ('a8447b92-8a56-4a0c-95e7-8e2773b2875e', '96340796-0373-47b2-84ad-01792c6c4160') ON CONFLICT DO NOTHING;
INSERT INTO public."participant_Activities" (participant_id, activity_id) VALUES ('a8447b92-8a56-4a0c-95e7-8e2773b2875e', 'b1b03d8e-9d95-4238-abb8-78ae0296c287') ON CONFLICT DO NOTHING;
INSERT INTO public."participant_Activities" (participant_id, activity_id) VALUES ('d37bd746-82ae-48c3-8617-5bd04244d520', '442ebdb3-f0b7-414e-af56-171c72ff208f') ON CONFLICT DO NOTHING;
INSERT INTO public."participant_Activities" (participant_id, activity_id) VALUES ('1268ae48-0e18-4af1-a54e-5837ac7731eb', 'b1436056-cb5b-473f-ae25-2b11df84691d') ON CONFLICT DO NOTHING;
INSERT INTO public."participant_Activities" (participant_id, activity_id) VALUES ('d412a123-65d1-4e1c-9a15-c69321d932ef', 'bc5c779e-4c67-4c25-aec8-b5164d77b998') ON CONFLICT DO NOTHING;
INSERT INTO public."participant_Activities" (participant_id, activity_id) VALUES ('4005b95b-bf94-4832-bf0b-bb5c862df5de', NULL) ON CONFLICT DO NOTHING;
INSERT INTO public."participant_Activities" (participant_id, activity_id) VALUES ('4e0c8e8a-fb87-49cc-824c-9c67ecb298b4', 'b1436056-cb5b-473f-ae25-2b11df84691d') ON CONFLICT DO NOTHING;
INSERT INTO public."participant_Activities" (participant_id, activity_id) VALUES ('422c2aba-cc50-442f-b7c3-97e15b7669de', NULL) ON CONFLICT DO NOTHING;
INSERT INTO public."participant_Activities" (participant_id, activity_id) VALUES ('d7744bd9-eb98-45d7-9397-d1fb997aa733', 'bc5c779e-4c67-4c25-aec8-b5164d77b998') ON CONFLICT DO NOTHING;
INSERT INTO public."participant_Activities" (participant_id, activity_id) VALUES ('2f92cebf-f3f3-4e18-81fd-145128b4b4d5', 'b1436056-cb5b-473f-ae25-2b11df84691d') ON CONFLICT DO NOTHING;
INSERT INTO public."participant_Activities" (participant_id, activity_id) VALUES ('f39c58c9-194f-47c2-aeb6-81d590ef20fa', 'bc5c779e-4c67-4c25-aec8-b5164d77b998') ON CONFLICT DO NOTHING;
